CREATE TABLE IF NOT EXISTS "auth_group" ("id" integer NOT NULL PRIMARY KEY AUTOINCREMENT, "name" varchar(150) NOT NULL UNIQUE);
CREATE INDEX IF NOT EXISTS "core_post_slug_fd763e8f" ON "core_post" ("slug");
CREATE UNIQUE INDEX "core_post_tags_post_id_tag_id_8e248081_uniq" ON "core_post_tags" ("post_id", "tag_id");
CREATE INDEX IF NOT EXISTS "core_post_tags_post_id_082a0a4e" ON "core_post_tags" ("post_id");
CREATE INDEX IF NOT EXISTS "core_post_tags_tag_id_1a619a6d" ON "core_post_tags" ("tag_id");
CREATE UNIQUE INDEX "auth_group_permissions_group_id_permission_id_0cd325b0_uniq" ON "auth_group_permissions" ("group_id", "permission_id");
CREATE INDEX IF NOT EXISTS "auth_group_permissions_group_id_b120cbf9" ON "auth_group_permissions" ("group_id");
CREATE INDEX IF NOT EXISTS "auth_group_permissions_permission_id_84c5c92e" ON "auth_group_permissions" ("permission_id");
CREATE UNIQUE INDEX "auth_user_groups_user_id_group_id_94350c0c_uniq" ON "auth_user_groups" ("user_id", "group_id");
CREATE INDEX IF NOT EXISTS "auth_user_groups_user_id_6a12ed8b" ON "auth_user_groups" ("user_id");
CREATE INDEX IF NOT EXISTS "auth_user_groups_group_id_97559544" ON "auth_user_groups" ("group_id");
CREATE UNIQUE INDEX "auth_user_user_permissions_user_id_permission_id_14a6b632_uniq" ON "auth_user_user_permissions" ("user_id", "permission_id");
CREATE INDEX IF NOT EXISTS "auth_user_user_permissions_user_id_a95ead1b" ON "auth_user_user_permissions" ("user_id");
CREATE INDEX IF NOT EXISTS "auth_user_user_permissions_permission_id_1fbb5f2c" ON "auth_user_user_permissions" ("permission_id");
CREATE INDEX IF NOT EXISTS "django_admin_log_content_type_id_c4bce8eb" ON "django_admin_log" ("content_type_id");
CREATE INDEX IF NOT EXISTS "django_admin_log_user_id_c564eba6" ON "django_admin_log" ("user_id");
CREATE UNIQUE INDEX "django_content_type_app_label_model_76bd3d3b_uniq" ON "django_content_type" ("app_label", "model");
CREATE UNIQUE INDEX "auth_permission_content_type_id_codename_01ab375a_uniq" ON "auth_permission" ("content_type_id", "codename");
CREATE INDEX IF NOT EXISTS "auth_permission_content_type_id_2f476e4b" ON "auth_permission" ("content_type_id");
CREATE INDEX IF NOT EXISTS "django_session_expire_date_a5c62663" ON "django_session" ("expire_date");
CREATE INDEX IF NOT EXISTS "core_image_post_id_9974b344" ON "core_image" ("post_id");
CREATE INDEX IF NOT EXISTS "core_tag_slug_466bcce3" ON "core_tag" ("slug");
CREATE TABLE IF NOT EXISTS "auth_group_permissions" ("id" integer NOT NULL PRIMARY KEY AUTOINCREMENT, "group_id" integer NOT NULL REFERENCES "auth_group" ("id") DEFERRABLE INITIALLY DEFERRED, "permission_id" integer NOT NULL REFERENCES "auth_permission" ("id") DEFERRABLE INITIALLY DEFERRED);
CREATE INDEX IF NOT EXISTS "core_post_slug_fd763e8f" ON "core_post" ("slug");
CREATE UNIQUE INDEX "core_post_tags_post_id_tag_id_8e248081_uniq" ON "core_post_tags" ("post_id", "tag_id");
CREATE INDEX IF NOT EXISTS "core_post_tags_post_id_082a0a4e" ON "core_post_tags" ("post_id");
CREATE INDEX IF NOT EXISTS "core_post_tags_tag_id_1a619a6d" ON "core_post_tags" ("tag_id");
CREATE UNIQUE INDEX "auth_group_permissions_group_id_permission_id_0cd325b0_uniq" ON "auth_group_permissions" ("group_id", "permission_id");
CREATE INDEX IF NOT EXISTS "auth_group_permissions_group_id_b120cbf9" ON "auth_group_permissions" ("group_id");
CREATE INDEX IF NOT EXISTS "auth_group_permissions_permission_id_84c5c92e" ON "auth_group_permissions" ("permission_id");
CREATE UNIQUE INDEX "auth_user_groups_user_id_group_id_94350c0c_uniq" ON "auth_user_groups" ("user_id", "group_id");
CREATE INDEX IF NOT EXISTS "auth_user_groups_user_id_6a12ed8b" ON "auth_user_groups" ("user_id");
CREATE INDEX IF NOT EXISTS "auth_user_groups_group_id_97559544" ON "auth_user_groups" ("group_id");
CREATE UNIQUE INDEX "auth_user_user_permissions_user_id_permission_id_14a6b632_uniq" ON "auth_user_user_permissions" ("user_id", "permission_id");
CREATE INDEX IF NOT EXISTS "auth_user_user_permissions_user_id_a95ead1b" ON "auth_user_user_permissions" ("user_id");
CREATE INDEX IF NOT EXISTS "auth_user_user_permissions_permission_id_1fbb5f2c" ON "auth_user_user_permissions" ("permission_id");
CREATE INDEX IF NOT EXISTS "django_admin_log_content_type_id_c4bce8eb" ON "django_admin_log" ("content_type_id");
CREATE INDEX IF NOT EXISTS "django_admin_log_user_id_c564eba6" ON "django_admin_log" ("user_id");
CREATE UNIQUE INDEX "django_content_type_app_label_model_76bd3d3b_uniq" ON "django_content_type" ("app_label", "model");
CREATE UNIQUE INDEX "auth_permission_content_type_id_codename_01ab375a_uniq" ON "auth_permission" ("content_type_id", "codename");
CREATE INDEX IF NOT EXISTS "auth_permission_content_type_id_2f476e4b" ON "auth_permission" ("content_type_id");
CREATE INDEX IF NOT EXISTS "django_session_expire_date_a5c62663" ON "django_session" ("expire_date");
CREATE INDEX IF NOT EXISTS "core_image_post_id_9974b344" ON "core_image" ("post_id");
CREATE INDEX IF NOT EXISTS "core_tag_slug_466bcce3" ON "core_tag" ("slug");
CREATE TABLE IF NOT EXISTS "auth_permission" ("id" integer NOT NULL PRIMARY KEY AUTOINCREMENT, "content_type_id" integer NOT NULL REFERENCES "django_content_type" ("id") DEFERRABLE INITIALLY DEFERRED, "codename" varchar(100) NOT NULL, "name" varchar(255) NOT NULL);
INSERT INTO "auth_permission" VALUES(1,1,'add_logentry','Can add log entry');
INSERT INTO "auth_permission" VALUES(2,1,'change_logentry','Can change log entry');
INSERT INTO "auth_permission" VALUES(3,1,'delete_logentry','Can delete log entry');
INSERT INTO "auth_permission" VALUES(4,1,'view_logentry','Can view log entry');
INSERT INTO "auth_permission" VALUES(5,2,'add_permission','Can add permission');
INSERT INTO "auth_permission" VALUES(6,2,'change_permission','Can change permission');
INSERT INTO "auth_permission" VALUES(7,2,'delete_permission','Can delete permission');
INSERT INTO "auth_permission" VALUES(8,2,'view_permission','Can view permission');
INSERT INTO "auth_permission" VALUES(9,3,'add_group','Can add group');
INSERT INTO "auth_permission" VALUES(10,3,'change_group','Can change group');
INSERT INTO "auth_permission" VALUES(11,3,'delete_group','Can delete group');
INSERT INTO "auth_permission" VALUES(12,3,'view_group','Can view group');
INSERT INTO "auth_permission" VALUES(13,4,'add_user','Can add user');
INSERT INTO "auth_permission" VALUES(14,4,'change_user','Can change user');
INSERT INTO "auth_permission" VALUES(15,4,'delete_user','Can delete user');
INSERT INTO "auth_permission" VALUES(16,4,'view_user','Can view user');
INSERT INTO "auth_permission" VALUES(17,5,'add_contenttype','Can add content type');
INSERT INTO "auth_permission" VALUES(18,5,'change_contenttype','Can change content type');
INSERT INTO "auth_permission" VALUES(19,5,'delete_contenttype','Can delete content type');
INSERT INTO "auth_permission" VALUES(20,5,'view_contenttype','Can view content type');
INSERT INTO "auth_permission" VALUES(21,6,'add_session','Can add session');
INSERT INTO "auth_permission" VALUES(22,6,'change_session','Can change session');
INSERT INTO "auth_permission" VALUES(23,6,'delete_session','Can delete session');
INSERT INTO "auth_permission" VALUES(24,6,'view_session','Can view session');
INSERT INTO "auth_permission" VALUES(25,7,'add_attachment','Can add attachment');
INSERT INTO "auth_permission" VALUES(26,7,'change_attachment','Can change attachment');
INSERT INTO "auth_permission" VALUES(27,7,'delete_attachment','Can delete attachment');
INSERT INTO "auth_permission" VALUES(28,7,'view_attachment','Can view attachment');
INSERT INTO "auth_permission" VALUES(29,8,'add_post','Can add post');
INSERT INTO "auth_permission" VALUES(30,8,'change_post','Can change post');
INSERT INTO "auth_permission" VALUES(31,8,'delete_post','Can delete post');
INSERT INTO "auth_permission" VALUES(32,8,'view_post','Can view post');
INSERT INTO "auth_permission" VALUES(33,9,'add_tag','Can add tag');
INSERT INTO "auth_permission" VALUES(34,9,'change_tag','Can change tag');
INSERT INTO "auth_permission" VALUES(35,9,'delete_tag','Can delete tag');
INSERT INTO "auth_permission" VALUES(36,9,'view_tag','Can view tag');
INSERT INTO "auth_permission" VALUES(37,10,'add_image','Can add image');
INSERT INTO "auth_permission" VALUES(38,10,'change_image','Can change image');
INSERT INTO "auth_permission" VALUES(39,10,'delete_image','Can delete image');
INSERT INTO "auth_permission" VALUES(40,10,'view_image','Can view image');
CREATE INDEX IF NOT EXISTS "core_post_slug_fd763e8f" ON "core_post" ("slug");
CREATE UNIQUE INDEX "core_post_tags_post_id_tag_id_8e248081_uniq" ON "core_post_tags" ("post_id", "tag_id");
CREATE INDEX IF NOT EXISTS "core_post_tags_post_id_082a0a4e" ON "core_post_tags" ("post_id");
CREATE INDEX IF NOT EXISTS "core_post_tags_tag_id_1a619a6d" ON "core_post_tags" ("tag_id");
CREATE UNIQUE INDEX "auth_group_permissions_group_id_permission_id_0cd325b0_uniq" ON "auth_group_permissions" ("group_id", "permission_id");
CREATE INDEX IF NOT EXISTS "auth_group_permissions_group_id_b120cbf9" ON "auth_group_permissions" ("group_id");
CREATE INDEX IF NOT EXISTS "auth_group_permissions_permission_id_84c5c92e" ON "auth_group_permissions" ("permission_id");
CREATE UNIQUE INDEX "auth_user_groups_user_id_group_id_94350c0c_uniq" ON "auth_user_groups" ("user_id", "group_id");
CREATE INDEX IF NOT EXISTS "auth_user_groups_user_id_6a12ed8b" ON "auth_user_groups" ("user_id");
CREATE INDEX IF NOT EXISTS "auth_user_groups_group_id_97559544" ON "auth_user_groups" ("group_id");
CREATE UNIQUE INDEX "auth_user_user_permissions_user_id_permission_id_14a6b632_uniq" ON "auth_user_user_permissions" ("user_id", "permission_id");
CREATE INDEX IF NOT EXISTS "auth_user_user_permissions_user_id_a95ead1b" ON "auth_user_user_permissions" ("user_id");
CREATE INDEX IF NOT EXISTS "auth_user_user_permissions_permission_id_1fbb5f2c" ON "auth_user_user_permissions" ("permission_id");
CREATE INDEX IF NOT EXISTS "django_admin_log_content_type_id_c4bce8eb" ON "django_admin_log" ("content_type_id");
CREATE INDEX IF NOT EXISTS "django_admin_log_user_id_c564eba6" ON "django_admin_log" ("user_id");
CREATE UNIQUE INDEX "django_content_type_app_label_model_76bd3d3b_uniq" ON "django_content_type" ("app_label", "model");
CREATE UNIQUE INDEX "auth_permission_content_type_id_codename_01ab375a_uniq" ON "auth_permission" ("content_type_id", "codename");
CREATE INDEX IF NOT EXISTS "auth_permission_content_type_id_2f476e4b" ON "auth_permission" ("content_type_id");
CREATE INDEX IF NOT EXISTS "django_session_expire_date_a5c62663" ON "django_session" ("expire_date");
CREATE INDEX IF NOT EXISTS "core_image_post_id_9974b344" ON "core_image" ("post_id");
CREATE INDEX IF NOT EXISTS "core_tag_slug_466bcce3" ON "core_tag" ("slug");
CREATE TABLE IF NOT EXISTS "auth_user" ("id" integer NOT NULL PRIMARY KEY AUTOINCREMENT, "password" varchar(128) NOT NULL, "last_login" datetime NULL, "is_superuser" bool NOT NULL, "username" varchar(150) NOT NULL UNIQUE, "first_name" varchar(30) NOT NULL, "email" varchar(254) NOT NULL, "is_staff" bool NOT NULL, "is_active" bool NOT NULL, "date_joined" datetime NOT NULL, "last_name" varchar(150) NOT NULL);
INSERT INTO "auth_user" VALUES(1,'pbkdf2_sha256$180000$z5jUNG06JqmK$dK5W3pA4vx6U5O8tKDETuQzFJhLzyAE1lUYWQtH3u74=','2020-08-31 15:20:19.343243',1,'admin','','canhazn@gmail.com',1,1,'2020-07-14 01:09:22.348317','');
CREATE INDEX IF NOT EXISTS "core_post_slug_fd763e8f" ON "core_post" ("slug");
CREATE UNIQUE INDEX "core_post_tags_post_id_tag_id_8e248081_uniq" ON "core_post_tags" ("post_id", "tag_id");
CREATE INDEX IF NOT EXISTS "core_post_tags_post_id_082a0a4e" ON "core_post_tags" ("post_id");
CREATE INDEX IF NOT EXISTS "core_post_tags_tag_id_1a619a6d" ON "core_post_tags" ("tag_id");
CREATE UNIQUE INDEX "auth_group_permissions_group_id_permission_id_0cd325b0_uniq" ON "auth_group_permissions" ("group_id", "permission_id");
CREATE INDEX IF NOT EXISTS "auth_group_permissions_group_id_b120cbf9" ON "auth_group_permissions" ("group_id");
CREATE INDEX IF NOT EXISTS "auth_group_permissions_permission_id_84c5c92e" ON "auth_group_permissions" ("permission_id");
CREATE UNIQUE INDEX "auth_user_groups_user_id_group_id_94350c0c_uniq" ON "auth_user_groups" ("user_id", "group_id");
CREATE INDEX IF NOT EXISTS "auth_user_groups_user_id_6a12ed8b" ON "auth_user_groups" ("user_id");
CREATE INDEX IF NOT EXISTS "auth_user_groups_group_id_97559544" ON "auth_user_groups" ("group_id");
CREATE UNIQUE INDEX "auth_user_user_permissions_user_id_permission_id_14a6b632_uniq" ON "auth_user_user_permissions" ("user_id", "permission_id");
CREATE INDEX IF NOT EXISTS "auth_user_user_permissions_user_id_a95ead1b" ON "auth_user_user_permissions" ("user_id");
CREATE INDEX IF NOT EXISTS "auth_user_user_permissions_permission_id_1fbb5f2c" ON "auth_user_user_permissions" ("permission_id");
CREATE INDEX IF NOT EXISTS "django_admin_log_content_type_id_c4bce8eb" ON "django_admin_log" ("content_type_id");
CREATE INDEX IF NOT EXISTS "django_admin_log_user_id_c564eba6" ON "django_admin_log" ("user_id");
CREATE UNIQUE INDEX "django_content_type_app_label_model_76bd3d3b_uniq" ON "django_content_type" ("app_label", "model");
CREATE UNIQUE INDEX "auth_permission_content_type_id_codename_01ab375a_uniq" ON "auth_permission" ("content_type_id", "codename");
CREATE INDEX IF NOT EXISTS "auth_permission_content_type_id_2f476e4b" ON "auth_permission" ("content_type_id");
CREATE INDEX IF NOT EXISTS "django_session_expire_date_a5c62663" ON "django_session" ("expire_date");
CREATE INDEX IF NOT EXISTS "core_image_post_id_9974b344" ON "core_image" ("post_id");
CREATE INDEX IF NOT EXISTS "core_tag_slug_466bcce3" ON "core_tag" ("slug");
CREATE TABLE IF NOT EXISTS "auth_user_groups" ("id" integer NOT NULL PRIMARY KEY AUTOINCREMENT, "user_id" integer NOT NULL REFERENCES "auth_user" ("id") DEFERRABLE INITIALLY DEFERRED, "group_id" integer NOT NULL REFERENCES "auth_group" ("id") DEFERRABLE INITIALLY DEFERRED);
CREATE INDEX IF NOT EXISTS "core_post_slug_fd763e8f" ON "core_post" ("slug");
CREATE UNIQUE INDEX "core_post_tags_post_id_tag_id_8e248081_uniq" ON "core_post_tags" ("post_id", "tag_id");
CREATE INDEX IF NOT EXISTS "core_post_tags_post_id_082a0a4e" ON "core_post_tags" ("post_id");
CREATE INDEX IF NOT EXISTS "core_post_tags_tag_id_1a619a6d" ON "core_post_tags" ("tag_id");
CREATE UNIQUE INDEX "auth_group_permissions_group_id_permission_id_0cd325b0_uniq" ON "auth_group_permissions" ("group_id", "permission_id");
CREATE INDEX IF NOT EXISTS "auth_group_permissions_group_id_b120cbf9" ON "auth_group_permissions" ("group_id");
CREATE INDEX IF NOT EXISTS "auth_group_permissions_permission_id_84c5c92e" ON "auth_group_permissions" ("permission_id");
CREATE UNIQUE INDEX "auth_user_groups_user_id_group_id_94350c0c_uniq" ON "auth_user_groups" ("user_id", "group_id");
CREATE INDEX IF NOT EXISTS "auth_user_groups_user_id_6a12ed8b" ON "auth_user_groups" ("user_id");
CREATE INDEX IF NOT EXISTS "auth_user_groups_group_id_97559544" ON "auth_user_groups" ("group_id");
CREATE UNIQUE INDEX "auth_user_user_permissions_user_id_permission_id_14a6b632_uniq" ON "auth_user_user_permissions" ("user_id", "permission_id");
CREATE INDEX IF NOT EXISTS "auth_user_user_permissions_user_id_a95ead1b" ON "auth_user_user_permissions" ("user_id");
CREATE INDEX IF NOT EXISTS "auth_user_user_permissions_permission_id_1fbb5f2c" ON "auth_user_user_permissions" ("permission_id");
CREATE INDEX IF NOT EXISTS "django_admin_log_content_type_id_c4bce8eb" ON "django_admin_log" ("content_type_id");
CREATE INDEX IF NOT EXISTS "django_admin_log_user_id_c564eba6" ON "django_admin_log" ("user_id");
CREATE UNIQUE INDEX "django_content_type_app_label_model_76bd3d3b_uniq" ON "django_content_type" ("app_label", "model");
CREATE UNIQUE INDEX "auth_permission_content_type_id_codename_01ab375a_uniq" ON "auth_permission" ("content_type_id", "codename");
CREATE INDEX IF NOT EXISTS "auth_permission_content_type_id_2f476e4b" ON "auth_permission" ("content_type_id");
CREATE INDEX IF NOT EXISTS "django_session_expire_date_a5c62663" ON "django_session" ("expire_date");
CREATE INDEX IF NOT EXISTS "core_image_post_id_9974b344" ON "core_image" ("post_id");
CREATE INDEX IF NOT EXISTS "core_tag_slug_466bcce3" ON "core_tag" ("slug");
CREATE TABLE IF NOT EXISTS "auth_user_user_permissions" ("id" integer NOT NULL PRIMARY KEY AUTOINCREMENT, "user_id" integer NOT NULL REFERENCES "auth_user" ("id") DEFERRABLE INITIALLY DEFERRED, "permission_id" integer NOT NULL REFERENCES "auth_permission" ("id") DEFERRABLE INITIALLY DEFERRED);
CREATE INDEX IF NOT EXISTS "core_post_slug_fd763e8f" ON "core_post" ("slug");
CREATE UNIQUE INDEX "core_post_tags_post_id_tag_id_8e248081_uniq" ON "core_post_tags" ("post_id", "tag_id");
CREATE INDEX IF NOT EXISTS "core_post_tags_post_id_082a0a4e" ON "core_post_tags" ("post_id");
CREATE INDEX IF NOT EXISTS "core_post_tags_tag_id_1a619a6d" ON "core_post_tags" ("tag_id");
CREATE UNIQUE INDEX "auth_group_permissions_group_id_permission_id_0cd325b0_uniq" ON "auth_group_permissions" ("group_id", "permission_id");
CREATE INDEX IF NOT EXISTS "auth_group_permissions_group_id_b120cbf9" ON "auth_group_permissions" ("group_id");
CREATE INDEX IF NOT EXISTS "auth_group_permissions_permission_id_84c5c92e" ON "auth_group_permissions" ("permission_id");
CREATE UNIQUE INDEX "auth_user_groups_user_id_group_id_94350c0c_uniq" ON "auth_user_groups" ("user_id", "group_id");
CREATE INDEX IF NOT EXISTS "auth_user_groups_user_id_6a12ed8b" ON "auth_user_groups" ("user_id");
CREATE INDEX IF NOT EXISTS "auth_user_groups_group_id_97559544" ON "auth_user_groups" ("group_id");
CREATE UNIQUE INDEX "auth_user_user_permissions_user_id_permission_id_14a6b632_uniq" ON "auth_user_user_permissions" ("user_id", "permission_id");
CREATE INDEX IF NOT EXISTS "auth_user_user_permissions_user_id_a95ead1b" ON "auth_user_user_permissions" ("user_id");
CREATE INDEX IF NOT EXISTS "auth_user_user_permissions_permission_id_1fbb5f2c" ON "auth_user_user_permissions" ("permission_id");
CREATE INDEX IF NOT EXISTS "django_admin_log_content_type_id_c4bce8eb" ON "django_admin_log" ("content_type_id");
CREATE INDEX IF NOT EXISTS "django_admin_log_user_id_c564eba6" ON "django_admin_log" ("user_id");
CREATE UNIQUE INDEX "django_content_type_app_label_model_76bd3d3b_uniq" ON "django_content_type" ("app_label", "model");
CREATE UNIQUE INDEX "auth_permission_content_type_id_codename_01ab375a_uniq" ON "auth_permission" ("content_type_id", "codename");
CREATE INDEX IF NOT EXISTS "auth_permission_content_type_id_2f476e4b" ON "auth_permission" ("content_type_id");
CREATE INDEX IF NOT EXISTS "django_session_expire_date_a5c62663" ON "django_session" ("expire_date");
CREATE INDEX IF NOT EXISTS "core_image_post_id_9974b344" ON "core_image" ("post_id");
CREATE INDEX IF NOT EXISTS "core_tag_slug_466bcce3" ON "core_tag" ("slug");
CREATE TABLE IF NOT EXISTS "core_image" ("id" integer NOT NULL PRIMARY KEY AUTOINCREMENT, "created_on" datetime NOT NULL, "img_file" varchar(100) NOT NULL, "post_id" integer NOT NULL REFERENCES "core_post" ("id") DEFERRABLE INITIALLY DEFERRED);
INSERT INTO "core_image" VALUES(9,'2020-08-31 15:21:25.392698','2020-06-04-1305251154170000/1FD81D19-F898-423E-808B-5C5E3DDB7558.jpeg',30);
INSERT INTO "core_image" VALUES(10,'2020-08-31 15:21:42.610519','ga-vit-de-khap-vuon/D0218C35-14ED-436D-A803-AB3E856CC9CD.jpeg',32);
CREATE INDEX IF NOT EXISTS "core_post_slug_fd763e8f" ON "core_post" ("slug");
CREATE UNIQUE INDEX "core_post_tags_post_id_tag_id_8e248081_uniq" ON "core_post_tags" ("post_id", "tag_id");
CREATE INDEX IF NOT EXISTS "core_post_tags_post_id_082a0a4e" ON "core_post_tags" ("post_id");
CREATE INDEX IF NOT EXISTS "core_post_tags_tag_id_1a619a6d" ON "core_post_tags" ("tag_id");
CREATE UNIQUE INDEX "auth_group_permissions_group_id_permission_id_0cd325b0_uniq" ON "auth_group_permissions" ("group_id", "permission_id");
CREATE INDEX IF NOT EXISTS "auth_group_permissions_group_id_b120cbf9" ON "auth_group_permissions" ("group_id");
CREATE INDEX IF NOT EXISTS "auth_group_permissions_permission_id_84c5c92e" ON "auth_group_permissions" ("permission_id");
CREATE UNIQUE INDEX "auth_user_groups_user_id_group_id_94350c0c_uniq" ON "auth_user_groups" ("user_id", "group_id");
CREATE INDEX IF NOT EXISTS "auth_user_groups_user_id_6a12ed8b" ON "auth_user_groups" ("user_id");
CREATE INDEX IF NOT EXISTS "auth_user_groups_group_id_97559544" ON "auth_user_groups" ("group_id");
CREATE UNIQUE INDEX "auth_user_user_permissions_user_id_permission_id_14a6b632_uniq" ON "auth_user_user_permissions" ("user_id", "permission_id");
CREATE INDEX IF NOT EXISTS "auth_user_user_permissions_user_id_a95ead1b" ON "auth_user_user_permissions" ("user_id");
CREATE INDEX IF NOT EXISTS "auth_user_user_permissions_permission_id_1fbb5f2c" ON "auth_user_user_permissions" ("permission_id");
CREATE INDEX IF NOT EXISTS "django_admin_log_content_type_id_c4bce8eb" ON "django_admin_log" ("content_type_id");
CREATE INDEX IF NOT EXISTS "django_admin_log_user_id_c564eba6" ON "django_admin_log" ("user_id");
CREATE UNIQUE INDEX "django_content_type_app_label_model_76bd3d3b_uniq" ON "django_content_type" ("app_label", "model");
CREATE UNIQUE INDEX "auth_permission_content_type_id_codename_01ab375a_uniq" ON "auth_permission" ("content_type_id", "codename");
CREATE INDEX IF NOT EXISTS "auth_permission_content_type_id_2f476e4b" ON "auth_permission" ("content_type_id");
CREATE INDEX IF NOT EXISTS "django_session_expire_date_a5c62663" ON "django_session" ("expire_date");
CREATE INDEX IF NOT EXISTS "core_image_post_id_9974b344" ON "core_image" ("post_id");
CREATE INDEX IF NOT EXISTS "core_tag_slug_466bcce3" ON "core_tag" ("slug");
CREATE TABLE IF NOT EXISTS "core_post" ("id" integer NOT NULL PRIMARY KEY AUTOINCREMENT, "title" varchar(200) NULL, "slug" varchar(200) NULL, "update_on" datetime NOT NULL, "content" text NULL, "created_on" datetime NOT NULL);
INSERT INTO "core_post" VALUES(1,'sẵn sàng online','san-sang-online','2020-05-13 11:09:05.893000','<p>Sau cả tháng trời thì cũng đã sẵn sàng cho blog lên sóng.&nbsp;</p><p>Database PostgreSql: AWS&nbsp;</p><p>Static Files: W3 service</p><p>Host: Heroku</p>','2020-05-13 00:00:00');
INSERT INTO "core_post" VALUES(2,NULL,'2020-06-17-1331572587490000','2020-06-17 13:31:57.425000','<p>Mỗi ngày một tốt hơn nhé! Thế là cũng xong cái blog này rồi, giờ thỉnh thoảng vô update làm cho nó tốt hơn. Vẫn cần thêm tính năng slug by&nbsp;unique id, tags nữa. Cố lên nào!💪</p>

<iframe width="100%" height="166" scrolling="no" frameborder="no" allow="autoplay" src="https://w.soundcloud.com/player/?url=https%3A//api.soundcloud.com/tracks/653777399&amp;color=%23ff5500&amp;auto_play=false&amp;hide_related=false&amp;show_comments=true&amp;show_user=true&amp;show_reposts=false&amp;show_teaser=true"></iframe>','2020-05-14 00:00:00');
INSERT INTO "core_post" VALUES(16,'done slug','done-slug','2020-05-15 03:25:18.630000','<p>Slug done sau cả buổi sáng nghiên cứu:&nbsp;</p><p>Ban đầu dùng AutoSlug thì không được? Sau đó thử unique_slugify và cũng không được. Đau, giờ lật lại tìm lí do, thì ra là created_on vẫn là null cho đến khi được lưu vào database. Cách giải quyết bây giờ là gán giá trị cho nó trước khi được đưa xuống database. Vậy thì dùng timestamp.now() - một util của django là ok.</p>','2020-05-15 03:25:18.630000');
INSERT INTO "core_post" VALUES(18,NULL,'2020-05-15-0916176533780000','2020-06-16 05:42:32.152000','<p>Cố lên bạn ơi!&nbsp;❤️<br></p>','2020-05-15 09:16:17.870000');
INSERT INTO "core_post" VALUES(19,NULL,'2020-05-15-1516080875850000','2020-05-15 15:16:08.397000','<p>Yêu bản thân mình trước đi nhé! Phải chăm sóc tốt cho nó🥰, giờ thì đi ngủ sớm đi.</p>','2020-05-15 15:16:08.397000');
INSERT INTO "core_post" VALUES(20,'Học ngủ','hoc-ngu','2020-05-15 23:45:23.006000','<p>Ha ha ha, cười lớn. Từng này tuổi rồi mà giờ này còn phải học cách ngủ.&nbsp;</p><p>Bắt đầu lên giường từ 10h, nằm trằn trọc lăn bên này, lật bên kia. Lật chăn ra thì lạnh, đắp chăn vào thì nóng. Quay quạt lên đầu thì sợ ho, quay quạt xuống chân thì thấy mệt mệt. Mở của sổ thì muỗn, đóng cửa sổ thì bí. Ôi trời tôi chết mất, đủ thứ chuyện khó chịu.</p><p>Rồi bỗng nghĩ lại. À, thì ra là do tâm bất định. Lòng không yên nên sinh khó ở, chứ có gì to tát đâu. Không phải nó khó ngủ mà là lòng không yên thôi. Tâm trạng bình ổn lại, không sân si, không đố kị, không phàn nàn, tỏ lòng biết ơn một chút. Để tâm trạng ngủ trước rồi tới cái thân xác này ngủ sau.</p>','2020-05-15 23:45:23.006000');
INSERT INTO "core_post" VALUES(21,NULL,'2020-05-19-0215521973520000','2020-05-19 08:55:40.785000','<p>Người công thành thắng địch chắc chắn là người tài giỏi, nhưng người chiến thắng bản thân mình còn giỏi hơn!</p>','2020-05-19 02:15:52.445000');
INSERT INTO "core_post" VALUES(22,NULL,'2020-05-19-1121514541850000','2020-05-19 11:22:19.951000','<p>Tạm gọi là thành công cho một ngày làm việc.</p><p>Bắt đầu lúc 9h sáng, kết thúc lúc 5h40: tags models, many-to-many relationshiops, query parents models, appy css for tag list, tag_detail.html, resolve nested a html tag by jquery</p><p>6h - 6h20: fix bug. Many to many required blank=true</p>','2020-05-19 11:21:51.700000');
INSERT INTO "core_post" VALUES(23,NULL,'2020-05-25-0311387471310000','2020-05-25 03:11:38.915000','<p>Bí quyết của hạnh phúc là bân rộn&nbsp;<span style="color: rgb(51, 51, 51); font-family: &quot;Segoe UI Emoji&quot;">🥰</span></p>','2020-05-25 03:11:38.915000');
INSERT INTO "core_post" VALUES(24,NULL,'2020-05-26-0151057250160000','2020-05-26 01:51:05.887000','<p class="MsoNormal">Trong một mối quan hệ mà đối phương hỉ có thể nhận ra mối lo lắng của nhau một cách tình cờ thì thật là đáng thất vọng. Ở đó không có sự tin tưởng lẫn nhau. -_-<br></p>','2020-05-25 14:42:12.680000');
INSERT INTO "core_post" VALUES(25,NULL,'2020-05-26-0147343796460000','2020-06-17 13:27:55.139000','<p>Ngồi trước máy tính: lưng là phải thẳng.💪<br></p>','2020-05-26 01:47:34.713000');
INSERT INTO "core_post" VALUES(26,NULL,'2020-05-26-0648361618840000','2020-05-26 06:48:36.332000','<p>Hoa rơi hữu ý, nước chảy vô tình</p><p>Hoa vô tình đối điện người hữu ý -- Đông tà trích lời dương tu</p>','2020-05-26 06:48:36.332000');
INSERT INTO "core_post" VALUES(28,'Lố lăng, rỗng tuếch và giả tạo','lo-lang-rong-tuech-va-gia-toa','2020-06-15 03:25:25.910000','<p>Nó sợ, bởi vì đó chính là con người nó, hơi cảm giác vô dụng. Nhưng không nên lo lắng, bởi vì nó rỗng tuếch nên nó mới có thể học được những điều tốt đẹp. Chứ không như vài người, không có điều gì thực sự ý nghĩa hay sâu sắc trong người cả. Giờ vấn đề của nó là sự cố gắng như thế nào?<br></p>','2020-05-28 01:54:48.787000');
INSERT INTO "core_post" VALUES(29,NULL,'2020-05-31-0338170009330000','2020-05-31 03:38:17.037000','<p>Đời chỉ có một lần. Vậy nó sẽ phải làm gì?</p>','2020-05-31 03:38:17.037000');
INSERT INTO "core_post" VALUES(30,NULL,'2020-06-04-1305251154170000','2020-06-16 05:43:09.633000','<p>Góc máy, ánh sáng và lấy nét<br></p>','2020-06-04 13:05:25.426000');
INSERT INTO "core_post" VALUES(31,NULL,'2020-06-15-2252524963380000','2020-06-15 22:59:51.210000','<p>Thinking about bushit so much and I have no time for changing</p>','2020-06-15 22:52:52.662000');
INSERT INTO "core_post" VALUES(32,'Gà vịt đẻ khắp vườn','ga-vit-de-khap-vuon','2020-06-29 11:53:07.983000','','2020-06-29 11:53:07.983000');
INSERT INTO "core_post" VALUES(33,'Chỉ là tình yêu thôi không cần..','chi-la-tinh-yeu-thoi-khong-can','2020-07-02 06:47:57.947000','<p>Thắm thiết nhưng vẫn lỏng lẻo, sâu sắc nhưng vẫn hời hợt, bất diệt nhưng vẫn chốc lát. Đẹp nhưng vẫn có chút nhơ. Thiêng nhưng vẫn có tí phàm tục. Thành thật nhưng vẫn giả dối.<br style="">Tình yêu là thế, chỉ có thế. Hiểu thấu được bản chất của tình yêu, bạn sẽ bớt được cảm giác đau khổ, tuyệt vọng vì bạn đã tự sắp sẵn cho bản thân khả năng chịu đựng, chấp nhận và thông cảm. Chẳng cần tu với hành để tìm được sự bình yên trong tâm hồn, chỉ cần nhìn nhận bản chất quá “dã man” của nó mà chấp nhận.</p><p>-- Một đời như kẻ tìm đường của cụ Phan Văn Trường.</p><p>😊 Post này đăng lên để cảm thấy bớt trống trải, lâu rồi mà blog không viết được nhiều như kì vọng. Nhưng mà cũng được thôi, chấp nhận!</p><p>💕 Phỉ báng tình yêu là tội không thể tha thứ, nhưng nó cũng không cần nghiên trọng hoá, thần tượng hoá, ca ngợi nó như nó đã từng nữa.</p><p>❣💕</p>
<iframe width="100%" height="150" scrolling="no" frameborder="no" allow="autoplay" src="https://w.soundcloud.com/player/?url=https%3A//api.soundcloud.com/tracks/745946077&amp;color=%23ff5500&amp;auto_play=false&amp;hide_related=false&amp;show_comments=true&amp;show_user=true&amp;show_reposts=false&amp;show_teaser=true&amp;visual=true"></iframe><div style="font-size: 10px; color: #cccccc;line-break: anywhere;word-break: normal;overflow: hidden;white-space: nowrap;text-overflow: ellipsis; font-family: Interstate,Lucida Grande,Lucida Sans Unicode,Lucida Sans,Garuda,Verdana,Tahoma,sans-serif;font-weight: 100;"><a href="https://soundcloud.com/wcymusicstudio" title="WCY Music Studio" target="_blank" style="color: #cccccc; text-decoration: none;">WCY Music Studio</a> · <a href="https://soundcloud.com/wcymusicstudio/lyrics-video-974829196" title="程响 - 世界这么大还是遇见你【動態歌詞/Lyrics Video】" target="_blank" style="color: #cccccc; text-decoration: none;">程响 - 世界这么大还是遇见你【動態歌詞/Lyrics Video】</a></div>','2020-07-02 06:17:23.048000');
INSERT INTO "core_post" VALUES(34,NULL,'2020-07-07-1152511130250000','2020-07-07 11:56:39.298000','<p>Nhớ thời học quân sự ở Xuân Hoà resort. Đi ngủ sớm, dậy từ 5h sáng. No wifi, no laptop. Không quan tâm tới thế giới bên ngoài. Đơn giản nhưng không nhàm chán. Học vất nhưng không mệt. Ăn uống đơn giản nhưng bữa nào cũng no. Được cái mắt mũi khoẻ mạnh, mặt sạch hết mụn.</p>','2020-07-07 11:52:51.445000');
CREATE INDEX IF NOT EXISTS "core_post_slug_fd763e8f" ON "core_post" ("slug");
CREATE UNIQUE INDEX "core_post_tags_post_id_tag_id_8e248081_uniq" ON "core_post_tags" ("post_id", "tag_id");
CREATE INDEX IF NOT EXISTS "core_post_tags_post_id_082a0a4e" ON "core_post_tags" ("post_id");
CREATE INDEX IF NOT EXISTS "core_post_tags_tag_id_1a619a6d" ON "core_post_tags" ("tag_id");
CREATE UNIQUE INDEX "auth_group_permissions_group_id_permission_id_0cd325b0_uniq" ON "auth_group_permissions" ("group_id", "permission_id");
CREATE INDEX IF NOT EXISTS "auth_group_permissions_group_id_b120cbf9" ON "auth_group_permissions" ("group_id");
CREATE INDEX IF NOT EXISTS "auth_group_permissions_permission_id_84c5c92e" ON "auth_group_permissions" ("permission_id");
CREATE UNIQUE INDEX "auth_user_groups_user_id_group_id_94350c0c_uniq" ON "auth_user_groups" ("user_id", "group_id");
CREATE INDEX IF NOT EXISTS "auth_user_groups_user_id_6a12ed8b" ON "auth_user_groups" ("user_id");
CREATE INDEX IF NOT EXISTS "auth_user_groups_group_id_97559544" ON "auth_user_groups" ("group_id");
CREATE UNIQUE INDEX "auth_user_user_permissions_user_id_permission_id_14a6b632_uniq" ON "auth_user_user_permissions" ("user_id", "permission_id");
CREATE INDEX IF NOT EXISTS "auth_user_user_permissions_user_id_a95ead1b" ON "auth_user_user_permissions" ("user_id");
CREATE INDEX IF NOT EXISTS "auth_user_user_permissions_permission_id_1fbb5f2c" ON "auth_user_user_permissions" ("permission_id");
CREATE INDEX IF NOT EXISTS "django_admin_log_content_type_id_c4bce8eb" ON "django_admin_log" ("content_type_id");
CREATE INDEX IF NOT EXISTS "django_admin_log_user_id_c564eba6" ON "django_admin_log" ("user_id");
CREATE UNIQUE INDEX "django_content_type_app_label_model_76bd3d3b_uniq" ON "django_content_type" ("app_label", "model");
CREATE UNIQUE INDEX "auth_permission_content_type_id_codename_01ab375a_uniq" ON "auth_permission" ("content_type_id", "codename");
CREATE INDEX IF NOT EXISTS "auth_permission_content_type_id_2f476e4b" ON "auth_permission" ("content_type_id");
CREATE INDEX IF NOT EXISTS "django_session_expire_date_a5c62663" ON "django_session" ("expire_date");
CREATE INDEX IF NOT EXISTS "core_image_post_id_9974b344" ON "core_image" ("post_id");
CREATE INDEX IF NOT EXISTS "core_tag_slug_466bcce3" ON "core_tag" ("slug");
CREATE TABLE IF NOT EXISTS "core_post_tags" ("id" integer NOT NULL PRIMARY KEY AUTOINCREMENT, "post_id" integer NOT NULL REFERENCES "core_post" ("id") DEFERRABLE INITIALLY DEFERRED, "tag_id" integer NOT NULL REFERENCES "core_tag" ("id") DEFERRABLE INITIALLY DEFERRED);
INSERT INTO "core_post_tags" VALUES(34,21,1);
INSERT INTO "core_post_tags" VALUES(35,23,1);
INSERT INTO "core_post_tags" VALUES(36,26,2);
INSERT INTO "core_post_tags" VALUES(37,33,3);
CREATE INDEX IF NOT EXISTS "core_post_slug_fd763e8f" ON "core_post" ("slug");
CREATE UNIQUE INDEX "core_post_tags_post_id_tag_id_8e248081_uniq" ON "core_post_tags" ("post_id", "tag_id");
CREATE INDEX IF NOT EXISTS "core_post_tags_post_id_082a0a4e" ON "core_post_tags" ("post_id");
CREATE INDEX IF NOT EXISTS "core_post_tags_tag_id_1a619a6d" ON "core_post_tags" ("tag_id");
CREATE UNIQUE INDEX "auth_group_permissions_group_id_permission_id_0cd325b0_uniq" ON "auth_group_permissions" ("group_id", "permission_id");
CREATE INDEX IF NOT EXISTS "auth_group_permissions_group_id_b120cbf9" ON "auth_group_permissions" ("group_id");
CREATE INDEX IF NOT EXISTS "auth_group_permissions_permission_id_84c5c92e" ON "auth_group_permissions" ("permission_id");
CREATE UNIQUE INDEX "auth_user_groups_user_id_group_id_94350c0c_uniq" ON "auth_user_groups" ("user_id", "group_id");
CREATE INDEX IF NOT EXISTS "auth_user_groups_user_id_6a12ed8b" ON "auth_user_groups" ("user_id");
CREATE INDEX IF NOT EXISTS "auth_user_groups_group_id_97559544" ON "auth_user_groups" ("group_id");
CREATE UNIQUE INDEX "auth_user_user_permissions_user_id_permission_id_14a6b632_uniq" ON "auth_user_user_permissions" ("user_id", "permission_id");
CREATE INDEX IF NOT EXISTS "auth_user_user_permissions_user_id_a95ead1b" ON "auth_user_user_permissions" ("user_id");
CREATE INDEX IF NOT EXISTS "auth_user_user_permissions_permission_id_1fbb5f2c" ON "auth_user_user_permissions" ("permission_id");
CREATE INDEX IF NOT EXISTS "django_admin_log_content_type_id_c4bce8eb" ON "django_admin_log" ("content_type_id");
CREATE INDEX IF NOT EXISTS "django_admin_log_user_id_c564eba6" ON "django_admin_log" ("user_id");
CREATE UNIQUE INDEX "django_content_type_app_label_model_76bd3d3b_uniq" ON "django_content_type" ("app_label", "model");
CREATE UNIQUE INDEX "auth_permission_content_type_id_codename_01ab375a_uniq" ON "auth_permission" ("content_type_id", "codename");
CREATE INDEX IF NOT EXISTS "auth_permission_content_type_id_2f476e4b" ON "auth_permission" ("content_type_id");
CREATE INDEX IF NOT EXISTS "django_session_expire_date_a5c62663" ON "django_session" ("expire_date");
CREATE INDEX IF NOT EXISTS "core_image_post_id_9974b344" ON "core_image" ("post_id");
CREATE INDEX IF NOT EXISTS "core_tag_slug_466bcce3" ON "core_tag" ("slug");
CREATE TABLE IF NOT EXISTS "core_tag" ("id" integer NOT NULL PRIMARY KEY AUTOINCREMENT, "title" varchar(200) NOT NULL, "slug" varchar(200) NOT NULL);
INSERT INTO "core_tag" VALUES(1,'Châm ngôn','cham-ngon');
INSERT INTO "core_tag" VALUES(2,'Thi viện','thi-vien');
INSERT INTO "core_tag" VALUES(3,'Book note','book-note');
INSERT INTO "core_tag" VALUES(4,'1556516','1556516');
CREATE INDEX IF NOT EXISTS "core_post_slug_fd763e8f" ON "core_post" ("slug");
CREATE UNIQUE INDEX "core_post_tags_post_id_tag_id_8e248081_uniq" ON "core_post_tags" ("post_id", "tag_id");
CREATE INDEX IF NOT EXISTS "core_post_tags_post_id_082a0a4e" ON "core_post_tags" ("post_id");
CREATE INDEX IF NOT EXISTS "core_post_tags_tag_id_1a619a6d" ON "core_post_tags" ("tag_id");
CREATE UNIQUE INDEX "auth_group_permissions_group_id_permission_id_0cd325b0_uniq" ON "auth_group_permissions" ("group_id", "permission_id");
CREATE INDEX IF NOT EXISTS "auth_group_permissions_group_id_b120cbf9" ON "auth_group_permissions" ("group_id");
CREATE INDEX IF NOT EXISTS "auth_group_permissions_permission_id_84c5c92e" ON "auth_group_permissions" ("permission_id");
CREATE UNIQUE INDEX "auth_user_groups_user_id_group_id_94350c0c_uniq" ON "auth_user_groups" ("user_id", "group_id");
CREATE INDEX IF NOT EXISTS "auth_user_groups_user_id_6a12ed8b" ON "auth_user_groups" ("user_id");
CREATE INDEX IF NOT EXISTS "auth_user_groups_group_id_97559544" ON "auth_user_groups" ("group_id");
CREATE UNIQUE INDEX "auth_user_user_permissions_user_id_permission_id_14a6b632_uniq" ON "auth_user_user_permissions" ("user_id", "permission_id");
CREATE INDEX IF NOT EXISTS "auth_user_user_permissions_user_id_a95ead1b" ON "auth_user_user_permissions" ("user_id");
CREATE INDEX IF NOT EXISTS "auth_user_user_permissions_permission_id_1fbb5f2c" ON "auth_user_user_permissions" ("permission_id");
CREATE INDEX IF NOT EXISTS "django_admin_log_content_type_id_c4bce8eb" ON "django_admin_log" ("content_type_id");
CREATE INDEX IF NOT EXISTS "django_admin_log_user_id_c564eba6" ON "django_admin_log" ("user_id");
CREATE UNIQUE INDEX "django_content_type_app_label_model_76bd3d3b_uniq" ON "django_content_type" ("app_label", "model");
CREATE UNIQUE INDEX "auth_permission_content_type_id_codename_01ab375a_uniq" ON "auth_permission" ("content_type_id", "codename");
CREATE INDEX IF NOT EXISTS "auth_permission_content_type_id_2f476e4b" ON "auth_permission" ("content_type_id");
CREATE INDEX IF NOT EXISTS "django_session_expire_date_a5c62663" ON "django_session" ("expire_date");
CREATE INDEX IF NOT EXISTS "core_image_post_id_9974b344" ON "core_image" ("post_id");
CREATE INDEX IF NOT EXISTS "core_tag_slug_466bcce3" ON "core_tag" ("slug");
CREATE TABLE IF NOT EXISTS "django_admin_log" ("id" integer NOT NULL PRIMARY KEY AUTOINCREMENT, "action_time" datetime NOT NULL, "object_id" text NULL, "object_repr" varchar(200) NOT NULL, "change_message" text NOT NULL, "content_type_id" integer NULL REFERENCES "django_content_type" ("id") DEFERRABLE INITIALLY DEFERRED, "user_id" integer NOT NULL REFERENCES "auth_user" ("id") DEFERRABLE INITIALLY DEFERRED, "action_flag" smallint unsigned NOT NULL CHECK ("action_flag" >= 0));
INSERT INTO "django_admin_log" VALUES(1,'2020-07-14 01:55:38.921199','30','2020-06-04-1305251154170000','',8,1,3);
INSERT INTO "django_admin_log" VALUES(2,'2020-07-14 01:55:38.928331','29','2020-05-31-0338170009330000','',8,1,3);
INSERT INTO "django_admin_log" VALUES(3,'2020-07-14 01:55:38.934324','28','lo-lang-rong-tuech-va-gia-toa','',8,1,3);
INSERT INTO "django_admin_log" VALUES(4,'2020-07-14 01:55:38.939322','26','2020-05-26-0648361618840000','',8,1,3);
INSERT INTO "django_admin_log" VALUES(5,'2020-07-14 01:55:38.944323','25','2020-05-26-0147343796460000','',8,1,3);
INSERT INTO "django_admin_log" VALUES(6,'2020-07-14 01:55:38.951325','24','2020-05-26-0151057250160000','',8,1,3);
INSERT INTO "django_admin_log" VALUES(7,'2020-07-14 01:55:38.956328','23','2020-05-25-0311387471310000','',8,1,3);
INSERT INTO "django_admin_log" VALUES(8,'2020-07-14 01:55:38.963335','22','2020-05-19-1121514541850000','',8,1,3);
INSERT INTO "django_admin_log" VALUES(9,'2020-07-14 01:55:38.971326','21','2020-05-19-0215521973520000','',8,1,3);
INSERT INTO "django_admin_log" VALUES(10,'2020-07-14 01:55:38.978329','20','hoc-ngu','',8,1,3);
INSERT INTO "django_admin_log" VALUES(11,'2020-07-14 01:55:38.983324','19','2020-05-15-1516080875850000','',8,1,3);
INSERT INTO "django_admin_log" VALUES(12,'2020-07-14 01:55:38.990332','18','2020-05-15-0916176533780000','',8,1,3);
INSERT INTO "django_admin_log" VALUES(13,'2020-07-14 01:55:38.995321','16','done-slug','',8,1,3);
INSERT INTO "django_admin_log" VALUES(14,'2020-07-14 01:55:39.001322','2','nua-nao','',8,1,3);
INSERT INTO "django_admin_log" VALUES(15,'2020-07-14 01:55:39.007326','1','san-sang-online','',8,1,3);
INSERT INTO "django_admin_log" VALUES(16,'2020-07-15 08:55:33.609024','46','2020-07-14-0604503323360000','',8,1,3);
INSERT INTO "django_admin_log" VALUES(17,'2020-07-15 08:55:33.616025','45','2020-07-14-0604503323360000','',8,1,3);
INSERT INTO "django_admin_log" VALUES(18,'2020-07-15 08:55:33.623024','44','2020-07-14-0604503323360000','',8,1,3);
INSERT INTO "django_admin_log" VALUES(19,'2020-07-15 08:55:33.628021','43','2020-07-14-0604503323360000','',8,1,3);
INSERT INTO "django_admin_log" VALUES(20,'2020-07-15 08:55:33.633020','42','2020-07-14-0604503323360000','',8,1,3);
INSERT INTO "django_admin_log" VALUES(21,'2020-07-15 08:55:33.640022','41','2020-07-14-0604503323360000','',8,1,3);
INSERT INTO "django_admin_log" VALUES(22,'2020-07-15 08:55:33.644023','40','2020-07-14-0604503323360000','',8,1,3);
INSERT INTO "django_admin_log" VALUES(23,'2020-07-15 08:55:33.649021','39','2020-07-14-0604503323360000','',8,1,3);
INSERT INTO "django_admin_log" VALUES(24,'2020-07-15 08:55:33.654328','38','2020-07-14-0604503323360000','',8,1,3);
INSERT INTO "django_admin_log" VALUES(25,'2020-07-15 08:55:33.659325','37','2020-07-14-0604503323360000','',8,1,3);
INSERT INTO "django_admin_log" VALUES(26,'2020-07-15 08:55:33.663245','36','2020-07-14-0604503323360000','',8,1,3);
INSERT INTO "django_admin_log" VALUES(27,'2020-07-15 08:55:33.669142','35','2020-07-14-0604503323360000','',8,1,3);
INSERT INTO "django_admin_log" VALUES(28,'2020-07-15 08:55:33.675137','34','2020-07-14-0604503323360000','',8,1,3);
INSERT INTO "django_admin_log" VALUES(29,'2020-07-15 08:55:33.679138','33','2020-07-14-1016557453840000','',8,1,3);
INSERT INTO "django_admin_log" VALUES(30,'2020-07-15 08:55:33.684137','32','2020-07-14-0604503323360000','',8,1,3);
INSERT INTO "django_admin_log" VALUES(31,'2020-07-15 08:55:57.241355','47','firen-fois','[{"added": {}}]',8,1,1);
INSERT INTO "django_admin_log" VALUES(32,'2020-07-15 08:56:08.096247','47','firen-fois','[{"changed": {"fields": ["Tags"]}}]',8,1,2);
INSERT INTO "django_admin_log" VALUES(33,'2020-07-15 12:58:07.035726','30','2020-06-04-1305251154170000','[{"changed": {"fields": ["Tags"]}}]',8,1,2);
INSERT INTO "django_admin_log" VALUES(34,'2020-07-15 12:58:12.792250','29','2020-05-31-0338170009330000','[{"changed": {"fields": ["Tags"]}}]',8,1,2);
INSERT INTO "django_admin_log" VALUES(35,'2020-07-15 12:59:14.522628','47','firen-fois','[{"changed": {"fields": ["Tags"]}}]',8,1,2);
INSERT INTO "django_admin_log" VALUES(36,'2020-08-31 13:57:35.949593','47','firen-fois','',8,1,3);
INSERT INTO "django_admin_log" VALUES(37,'2020-08-31 14:04:44.315128','7','/media/2020-05-19-1121514541850000/B%E1%BA%A3ng_H%C3%A0ng_Aqua_1.png','',10,1,3);
INSERT INTO "django_admin_log" VALUES(38,'2020-08-31 14:04:44.327198','6','/media/ga-vit-de-khap-vuon/8C2A7AA5-2956-44E8-A983-C94D3F121E28.jpeg','',10,1,3);
INSERT INTO "django_admin_log" VALUES(39,'2020-08-31 14:04:44.337194','5','/media/2020-06-04-1305251154170000/774A76EE-334B-401A-B44B-861E80539F75.jpeg','',10,1,3);
INSERT INTO "django_admin_log" VALUES(40,'2020-08-31 15:21:25.408140','9','/media/2020-06-04-1305251154170000/1FD81D19-F898-423E-808B-5C5E3DDB7558.jpeg','[{"added": {}}]',10,1,1);
INSERT INTO "django_admin_log" VALUES(41,'2020-08-31 15:21:42.620537','10','/media/ga-vit-de-khap-vuon/D0218C35-14ED-436D-A803-AB3E856CC9CD.jpeg','[{"added": {}}]',10,1,1);
CREATE INDEX IF NOT EXISTS "core_post_slug_fd763e8f" ON "core_post" ("slug");
CREATE UNIQUE INDEX "core_post_tags_post_id_tag_id_8e248081_uniq" ON "core_post_tags" ("post_id", "tag_id");
CREATE INDEX IF NOT EXISTS "core_post_tags_post_id_082a0a4e" ON "core_post_tags" ("post_id");
CREATE INDEX IF NOT EXISTS "core_post_tags_tag_id_1a619a6d" ON "core_post_tags" ("tag_id");
CREATE UNIQUE INDEX "auth_group_permissions_group_id_permission_id_0cd325b0_uniq" ON "auth_group_permissions" ("group_id", "permission_id");
CREATE INDEX IF NOT EXISTS "auth_group_permissions_group_id_b120cbf9" ON "auth_group_permissions" ("group_id");
CREATE INDEX IF NOT EXISTS "auth_group_permissions_permission_id_84c5c92e" ON "auth_group_permissions" ("permission_id");
CREATE UNIQUE INDEX "auth_user_groups_user_id_group_id_94350c0c_uniq" ON "auth_user_groups" ("user_id", "group_id");
CREATE INDEX IF NOT EXISTS "auth_user_groups_user_id_6a12ed8b" ON "auth_user_groups" ("user_id");
CREATE INDEX IF NOT EXISTS "auth_user_groups_group_id_97559544" ON "auth_user_groups" ("group_id");
CREATE UNIQUE INDEX "auth_user_user_permissions_user_id_permission_id_14a6b632_uniq" ON "auth_user_user_permissions" ("user_id", "permission_id");
CREATE INDEX IF NOT EXISTS "auth_user_user_permissions_user_id_a95ead1b" ON "auth_user_user_permissions" ("user_id");
CREATE INDEX IF NOT EXISTS "auth_user_user_permissions_permission_id_1fbb5f2c" ON "auth_user_user_permissions" ("permission_id");
CREATE INDEX IF NOT EXISTS "django_admin_log_content_type_id_c4bce8eb" ON "django_admin_log" ("content_type_id");
CREATE INDEX IF NOT EXISTS "django_admin_log_user_id_c564eba6" ON "django_admin_log" ("user_id");
CREATE UNIQUE INDEX "django_content_type_app_label_model_76bd3d3b_uniq" ON "django_content_type" ("app_label", "model");
CREATE UNIQUE INDEX "auth_permission_content_type_id_codename_01ab375a_uniq" ON "auth_permission" ("content_type_id", "codename");
CREATE INDEX IF NOT EXISTS "auth_permission_content_type_id_2f476e4b" ON "auth_permission" ("content_type_id");
CREATE INDEX IF NOT EXISTS "django_session_expire_date_a5c62663" ON "django_session" ("expire_date");
CREATE INDEX IF NOT EXISTS "core_image_post_id_9974b344" ON "core_image" ("post_id");
CREATE INDEX IF NOT EXISTS "core_tag_slug_466bcce3" ON "core_tag" ("slug");
CREATE TABLE IF NOT EXISTS "django_content_type" ("id" integer NOT NULL PRIMARY KEY AUTOINCREMENT, "app_label" varchar(100) NOT NULL, "model" varchar(100) NOT NULL);
INSERT INTO "django_content_type" VALUES(1,'admin','logentry');
INSERT INTO "django_content_type" VALUES(2,'auth','permission');
INSERT INTO "django_content_type" VALUES(3,'auth','group');
INSERT INTO "django_content_type" VALUES(4,'auth','user');
INSERT INTO "django_content_type" VALUES(5,'contenttypes','contenttype');
INSERT INTO "django_content_type" VALUES(6,'sessions','session');
INSERT INTO "django_content_type" VALUES(7,'django_summernote','attachment');
INSERT INTO "django_content_type" VALUES(8,'core','post');
INSERT INTO "django_content_type" VALUES(9,'core','tag');
INSERT INTO "django_content_type" VALUES(10,'core','image');
CREATE INDEX IF NOT EXISTS "core_post_slug_fd763e8f" ON "core_post" ("slug");
CREATE UNIQUE INDEX "core_post_tags_post_id_tag_id_8e248081_uniq" ON "core_post_tags" ("post_id", "tag_id");
CREATE INDEX IF NOT EXISTS "core_post_tags_post_id_082a0a4e" ON "core_post_tags" ("post_id");
CREATE INDEX IF NOT EXISTS "core_post_tags_tag_id_1a619a6d" ON "core_post_tags" ("tag_id");
CREATE UNIQUE INDEX "auth_group_permissions_group_id_permission_id_0cd325b0_uniq" ON "auth_group_permissions" ("group_id", "permission_id");
CREATE INDEX IF NOT EXISTS "auth_group_permissions_group_id_b120cbf9" ON "auth_group_permissions" ("group_id");
CREATE INDEX IF NOT EXISTS "auth_group_permissions_permission_id_84c5c92e" ON "auth_group_permissions" ("permission_id");
CREATE UNIQUE INDEX "auth_user_groups_user_id_group_id_94350c0c_uniq" ON "auth_user_groups" ("user_id", "group_id");
CREATE INDEX IF NOT EXISTS "auth_user_groups_user_id_6a12ed8b" ON "auth_user_groups" ("user_id");
CREATE INDEX IF NOT EXISTS "auth_user_groups_group_id_97559544" ON "auth_user_groups" ("group_id");
CREATE UNIQUE INDEX "auth_user_user_permissions_user_id_permission_id_14a6b632_uniq" ON "auth_user_user_permissions" ("user_id", "permission_id");
CREATE INDEX IF NOT EXISTS "auth_user_user_permissions_user_id_a95ead1b" ON "auth_user_user_permissions" ("user_id");
CREATE INDEX IF NOT EXISTS "auth_user_user_permissions_permission_id_1fbb5f2c" ON "auth_user_user_permissions" ("permission_id");
CREATE INDEX IF NOT EXISTS "django_admin_log_content_type_id_c4bce8eb" ON "django_admin_log" ("content_type_id");
CREATE INDEX IF NOT EXISTS "django_admin_log_user_id_c564eba6" ON "django_admin_log" ("user_id");
CREATE UNIQUE INDEX "django_content_type_app_label_model_76bd3d3b_uniq" ON "django_content_type" ("app_label", "model");
CREATE UNIQUE INDEX "auth_permission_content_type_id_codename_01ab375a_uniq" ON "auth_permission" ("content_type_id", "codename");
CREATE INDEX IF NOT EXISTS "auth_permission_content_type_id_2f476e4b" ON "auth_permission" ("content_type_id");
CREATE INDEX IF NOT EXISTS "django_session_expire_date_a5c62663" ON "django_session" ("expire_date");
CREATE INDEX IF NOT EXISTS "core_image_post_id_9974b344" ON "core_image" ("post_id");
CREATE INDEX IF NOT EXISTS "core_tag_slug_466bcce3" ON "core_tag" ("slug");
CREATE TABLE IF NOT EXISTS "django_migrations" ("id" integer NOT NULL PRIMARY KEY AUTOINCREMENT, "app" varchar(255) NOT NULL, "name" varchar(255) NOT NULL, "applied" datetime NOT NULL);
INSERT INTO "django_migrations" VALUES(1,'core','0001_initial','2020-07-14 01:05:45.538212');
INSERT INTO "django_migrations" VALUES(2,'core','0002_auto_20200703_1002','2020-07-14 01:05:45.562216');
INSERT INTO "django_migrations" VALUES(3,'contenttypes','0001_initial','2020-07-14 01:08:15.871152');
INSERT INTO "django_migrations" VALUES(4,'auth','0001_initial','2020-07-14 01:08:15.946197');
INSERT INTO "django_migrations" VALUES(5,'admin','0001_initial','2020-07-14 01:08:15.961155');
INSERT INTO "django_migrations" VALUES(6,'admin','0002_logentry_remove_auto_add','2020-07-14 01:08:15.992188');
INSERT INTO "django_migrations" VALUES(7,'admin','0003_logentry_add_action_flag_choices','2020-07-14 01:08:16.011153');
INSERT INTO "django_migrations" VALUES(8,'contenttypes','0002_remove_content_type_name','2020-07-14 01:08:16.060251');
INSERT INTO "django_migrations" VALUES(9,'auth','0002_alter_permission_name_max_length','2020-07-14 01:08:16.073155');
INSERT INTO "django_migrations" VALUES(10,'auth','0003_alter_user_email_max_length','2020-07-14 01:08:16.103151');
INSERT INTO "django_migrations" VALUES(11,'auth','0004_alter_user_username_opts','2020-07-14 01:08:16.122198');
INSERT INTO "django_migrations" VALUES(12,'auth','0005_alter_user_last_login_null','2020-07-14 01:08:16.154157');
INSERT INTO "django_migrations" VALUES(13,'auth','0006_require_contenttypes_0002','2020-07-14 01:08:16.163157');
INSERT INTO "django_migrations" VALUES(14,'auth','0007_alter_validators_add_error_messages','2020-07-14 01:08:16.183185');
INSERT INTO "django_migrations" VALUES(15,'auth','0008_alter_user_username_max_length','2020-07-14 01:08:16.211195');
INSERT INTO "django_migrations" VALUES(16,'auth','0009_alter_user_last_name_max_length','2020-07-14 01:08:16.229154');
INSERT INTO "django_migrations" VALUES(17,'auth','0010_alter_group_name_max_length','2020-07-14 01:08:16.257153');
INSERT INTO "django_migrations" VALUES(18,'auth','0011_update_proxy_permissions','2020-07-14 01:08:16.275154');
INSERT INTO "django_migrations" VALUES(19,'django_summernote','0001_initial','2020-07-14 01:08:16.294155');
INSERT INTO "django_migrations" VALUES(20,'django_summernote','0002_update-help_text','2020-07-14 01:08:16.318197');
INSERT INTO "django_migrations" VALUES(21,'sessions','0001_initial','2020-07-14 01:08:16.334155');
INSERT INTO "django_migrations" VALUES(22,'core','0003_image','2020-07-14 09:05:59.719335');
INSERT INTO "django_migrations" VALUES(23,'core','0004_auto_20200716_1242','2020-07-16 05:43:01.841023');
INSERT INTO "django_migrations" VALUES(24,'core','0002_remove_tag_created_on','2020-08-31 13:44:46.637140');
CREATE INDEX IF NOT EXISTS "core_post_slug_fd763e8f" ON "core_post" ("slug");
CREATE UNIQUE INDEX "core_post_tags_post_id_tag_id_8e248081_uniq" ON "core_post_tags" ("post_id", "tag_id");
CREATE INDEX IF NOT EXISTS "core_post_tags_post_id_082a0a4e" ON "core_post_tags" ("post_id");
CREATE INDEX IF NOT EXISTS "core_post_tags_tag_id_1a619a6d" ON "core_post_tags" ("tag_id");
CREATE UNIQUE INDEX "auth_group_permissions_group_id_permission_id_0cd325b0_uniq" ON "auth_group_permissions" ("group_id", "permission_id");
CREATE INDEX IF NOT EXISTS "auth_group_permissions_group_id_b120cbf9" ON "auth_group_permissions" ("group_id");
CREATE INDEX IF NOT EXISTS "auth_group_permissions_permission_id_84c5c92e" ON "auth_group_permissions" ("permission_id");
CREATE UNIQUE INDEX "auth_user_groups_user_id_group_id_94350c0c_uniq" ON "auth_user_groups" ("user_id", "group_id");
CREATE INDEX IF NOT EXISTS "auth_user_groups_user_id_6a12ed8b" ON "auth_user_groups" ("user_id");
CREATE INDEX IF NOT EXISTS "auth_user_groups_group_id_97559544" ON "auth_user_groups" ("group_id");
CREATE UNIQUE INDEX "auth_user_user_permissions_user_id_permission_id_14a6b632_uniq" ON "auth_user_user_permissions" ("user_id", "permission_id");
CREATE INDEX IF NOT EXISTS "auth_user_user_permissions_user_id_a95ead1b" ON "auth_user_user_permissions" ("user_id");
CREATE INDEX IF NOT EXISTS "auth_user_user_permissions_permission_id_1fbb5f2c" ON "auth_user_user_permissions" ("permission_id");
CREATE INDEX IF NOT EXISTS "django_admin_log_content_type_id_c4bce8eb" ON "django_admin_log" ("content_type_id");
CREATE INDEX IF NOT EXISTS "django_admin_log_user_id_c564eba6" ON "django_admin_log" ("user_id");
CREATE UNIQUE INDEX "django_content_type_app_label_model_76bd3d3b_uniq" ON "django_content_type" ("app_label", "model");
CREATE UNIQUE INDEX "auth_permission_content_type_id_codename_01ab375a_uniq" ON "auth_permission" ("content_type_id", "codename");
CREATE INDEX IF NOT EXISTS "auth_permission_content_type_id_2f476e4b" ON "auth_permission" ("content_type_id");
CREATE INDEX IF NOT EXISTS "django_session_expire_date_a5c62663" ON "django_session" ("expire_date");
CREATE INDEX IF NOT EXISTS "core_image_post_id_9974b344" ON "core_image" ("post_id");
CREATE INDEX IF NOT EXISTS "core_tag_slug_466bcce3" ON "core_tag" ("slug");
CREATE TABLE IF NOT EXISTS "django_session" ("session_key" varchar(40) NOT NULL PRIMARY KEY, "session_data" text NOT NULL, "expire_date" datetime NOT NULL);
INSERT INTO "django_session" VALUES('yqub7jc9qnwfuwhx7chkjqqdfigshpzf','NGI3ZWRmYzkzZjFiMDEwODg5MDM2NDVjMDZmOGYxYmM5MDhjYmQzYTp7Il9hdXRoX3VzZXJfaWQiOiIxIiwiX2F1dGhfdXNlcl9iYWNrZW5kIjoiZGphbmdvLmNvbnRyaWIuYXV0aC5iYWNrZW5kcy5Nb2RlbEJhY2tlbmQiLCJfYXV0aF91c2VyX2hhc2giOiI5MWZkNmRiMDdmNTEwZWRkOTJjNWE5Y2JlNTcxYWQwNjBmYjkzNmZkIn0=','2020-07-28 01:09:34.823046');
INSERT INTO "django_session" VALUES('0xozwufp76bc0hohbh77cx76u1iisyco','NGI3ZWRmYzkzZjFiMDEwODg5MDM2NDVjMDZmOGYxYmM5MDhjYmQzYTp7Il9hdXRoX3VzZXJfaWQiOiIxIiwiX2F1dGhfdXNlcl9iYWNrZW5kIjoiZGphbmdvLmNvbnRyaWIuYXV0aC5iYWNrZW5kcy5Nb2RlbEJhY2tlbmQiLCJfYXV0aF91c2VyX2hhc2giOiI5MWZkNmRiMDdmNTEwZWRkOTJjNWE5Y2JlNTcxYWQwNjBmYjkzNmZkIn0=','2020-09-14 13:57:25.395767');
INSERT INTO "django_session" VALUES('9ulo0ukph4wvwe040szrp3q95el4pjmh','NGI3ZWRmYzkzZjFiMDEwODg5MDM2NDVjMDZmOGYxYmM5MDhjYmQzYTp7Il9hdXRoX3VzZXJfaWQiOiIxIiwiX2F1dGhfdXNlcl9iYWNrZW5kIjoiZGphbmdvLmNvbnRyaWIuYXV0aC5iYWNrZW5kcy5Nb2RlbEJhY2tlbmQiLCJfYXV0aF91c2VyX2hhc2giOiI5MWZkNmRiMDdmNTEwZWRkOTJjNWE5Y2JlNTcxYWQwNjBmYjkzNmZkIn0=','2020-09-14 14:05:13.076789');
INSERT INTO "django_session" VALUES('3tj4ipmxcai9w8sma47ndpar3ejab93p','NGI3ZWRmYzkzZjFiMDEwODg5MDM2NDVjMDZmOGYxYmM5MDhjYmQzYTp7Il9hdXRoX3VzZXJfaWQiOiIxIiwiX2F1dGhfdXNlcl9iYWNrZW5kIjoiZGphbmdvLmNvbnRyaWIuYXV0aC5iYWNrZW5kcy5Nb2RlbEJhY2tlbmQiLCJfYXV0aF91c2VyX2hhc2giOiI5MWZkNmRiMDdmNTEwZWRkOTJjNWE5Y2JlNTcxYWQwNjBmYjkzNmZkIn0=','2020-09-14 15:20:19.358906');
CREATE INDEX IF NOT EXISTS "core_post_slug_fd763e8f" ON "core_post" ("slug");
CREATE UNIQUE INDEX "core_post_tags_post_id_tag_id_8e248081_uniq" ON "core_post_tags" ("post_id", "tag_id");
CREATE INDEX IF NOT EXISTS "core_post_tags_post_id_082a0a4e" ON "core_post_tags" ("post_id");
CREATE INDEX IF NOT EXISTS "core_post_tags_tag_id_1a619a6d" ON "core_post_tags" ("tag_id");
CREATE UNIQUE INDEX "auth_group_permissions_group_id_permission_id_0cd325b0_uniq" ON "auth_group_permissions" ("group_id", "permission_id");
CREATE INDEX IF NOT EXISTS "auth_group_permissions_group_id_b120cbf9" ON "auth_group_permissions" ("group_id");
CREATE INDEX IF NOT EXISTS "auth_group_permissions_permission_id_84c5c92e" ON "auth_group_permissions" ("permission_id");
CREATE UNIQUE INDEX "auth_user_groups_user_id_group_id_94350c0c_uniq" ON "auth_user_groups" ("user_id", "group_id");
CREATE INDEX IF NOT EXISTS "auth_user_groups_user_id_6a12ed8b" ON "auth_user_groups" ("user_id");
CREATE INDEX IF NOT EXISTS "auth_user_groups_group_id_97559544" ON "auth_user_groups" ("group_id");
CREATE UNIQUE INDEX "auth_user_user_permissions_user_id_permission_id_14a6b632_uniq" ON "auth_user_user_permissions" ("user_id", "permission_id");
CREATE INDEX IF NOT EXISTS "auth_user_user_permissions_user_id_a95ead1b" ON "auth_user_user_permissions" ("user_id");
CREATE INDEX IF NOT EXISTS "auth_user_user_permissions_permission_id_1fbb5f2c" ON "auth_user_user_permissions" ("permission_id");
CREATE INDEX IF NOT EXISTS "django_admin_log_content_type_id_c4bce8eb" ON "django_admin_log" ("content_type_id");
CREATE INDEX IF NOT EXISTS "django_admin_log_user_id_c564eba6" ON "django_admin_log" ("user_id");
CREATE UNIQUE INDEX "django_content_type_app_label_model_76bd3d3b_uniq" ON "django_content_type" ("app_label", "model");
CREATE UNIQUE INDEX "auth_permission_content_type_id_codename_01ab375a_uniq" ON "auth_permission" ("content_type_id", "codename");
CREATE INDEX IF NOT EXISTS "auth_permission_content_type_id_2f476e4b" ON "auth_permission" ("content_type_id");
CREATE INDEX IF NOT EXISTS "django_session_expire_date_a5c62663" ON "django_session" ("expire_date");
CREATE INDEX IF NOT EXISTS "core_image_post_id_9974b344" ON "core_image" ("post_id");
CREATE INDEX IF NOT EXISTS "core_tag_slug_466bcce3" ON "core_tag" ("slug");
CREATE TABLE IF NOT EXISTS "django_summernote_attachment" ("id" integer NOT NULL PRIMARY KEY AUTOINCREMENT, "file" varchar(100) NOT NULL, "uploaded" datetime NOT NULL, "name" varchar(255) NULL);
CREATE INDEX IF NOT EXISTS "core_post_slug_fd763e8f" ON "core_post" ("slug");
CREATE UNIQUE INDEX "core_post_tags_post_id_tag_id_8e248081_uniq" ON "core_post_tags" ("post_id", "tag_id");
CREATE INDEX IF NOT EXISTS "core_post_tags_post_id_082a0a4e" ON "core_post_tags" ("post_id");
CREATE INDEX IF NOT EXISTS "core_post_tags_tag_id_1a619a6d" ON "core_post_tags" ("tag_id");
CREATE UNIQUE INDEX "auth_group_permissions_group_id_permission_id_0cd325b0_uniq" ON "auth_group_permissions" ("group_id", "permission_id");
CREATE INDEX IF NOT EXISTS "auth_group_permissions_group_id_b120cbf9" ON "auth_group_permissions" ("group_id");
CREATE INDEX IF NOT EXISTS "auth_group_permissions_permission_id_84c5c92e" ON "auth_group_permissions" ("permission_id");
CREATE UNIQUE INDEX "auth_user_groups_user_id_group_id_94350c0c_uniq" ON "auth_user_groups" ("user_id", "group_id");
CREATE INDEX IF NOT EXISTS "auth_user_groups_user_id_6a12ed8b" ON "auth_user_groups" ("user_id");
CREATE INDEX IF NOT EXISTS "auth_user_groups_group_id_97559544" ON "auth_user_groups" ("group_id");
CREATE UNIQUE INDEX "auth_user_user_permissions_user_id_permission_id_14a6b632_uniq" ON "auth_user_user_permissions" ("user_id", "permission_id");
CREATE INDEX IF NOT EXISTS "auth_user_user_permissions_user_id_a95ead1b" ON "auth_user_user_permissions" ("user_id");
CREATE INDEX IF NOT EXISTS "auth_user_user_permissions_permission_id_1fbb5f2c" ON "auth_user_user_permissions" ("permission_id");
CREATE INDEX IF NOT EXISTS "django_admin_log_content_type_id_c4bce8eb" ON "django_admin_log" ("content_type_id");
CREATE INDEX IF NOT EXISTS "django_admin_log_user_id_c564eba6" ON "django_admin_log" ("user_id");
CREATE UNIQUE INDEX "django_content_type_app_label_model_76bd3d3b_uniq" ON "django_content_type" ("app_label", "model");
CREATE UNIQUE INDEX "auth_permission_content_type_id_codename_01ab375a_uniq" ON "auth_permission" ("content_type_id", "codename");
CREATE INDEX IF NOT EXISTS "auth_permission_content_type_id_2f476e4b" ON "auth_permission" ("content_type_id");
CREATE INDEX IF NOT EXISTS "django_session_expire_date_a5c62663" ON "django_session" ("expire_date");
CREATE INDEX IF NOT EXISTS "core_image_post_id_9974b344" ON "core_image" ("post_id");
CREATE INDEX IF NOT EXISTS "core_tag_slug_466bcce3" ON "core_tag" ("slug");
